{
    "$schema": "https://schema.management.azure.com/schemas/2015-01-01/deploymentTemplate.json#",
    "contentVersion": "1.0.0.0",
    "parameters": {
        "batchAccounts_globamantics_name": {
            "defaultValue": "globamantics",
            "type": "String"
        },
        "storageAccounts_globamantics_name": {
            "defaultValue": "globamantics",
            "type": "String"
        }
    },
    "variables": {},
    "resources": [
        {
            "comments": "Generalized from resource: '/subscriptions/41732d03-3b88-4262-b31a-fe7fcf0693a3/resourceGroups/globamantics/providers/Microsoft.Batch/batchAccounts/globamantics'.",
            "type": "Microsoft.Batch/batchAccounts",
            "name": "[parameters('batchAccounts_globamantics_name')]",
            "apiVersion": "2017-09-01",
            "location": "westeurope",
            "scale": null,
            "properties": {
                "autoStorage": {
                    "storageAccountId": "[resourceId('Microsoft.Storage/storageAccounts', parameters('storageAccounts_globamantics_name'))]"
                },
                "poolAllocationMode": "BatchService"
            },
            "dependsOn": [
                "[resourceId('Microsoft.Storage/storageAccounts', parameters('storageAccounts_globamantics_name'))]"
            ]
        },
        {
            "comments": "Generalized from resource: '/subscriptions/41732d03-3b88-4262-b31a-fe7fcf0693a3/resourceGroups/globamantics/providers/Microsoft.Storage/storageAccounts/globamantics'.",
            "type": "Microsoft.Storage/storageAccounts",
            "sku": {
                "name": "Standard_LRS",
                "tier": "Standard"
            },
            "kind": "Storage",
            "name": "[parameters('storageAccounts_globamantics_name')]",
            "apiVersion": "2018-07-01",
            "location": "westeurope",
            "tags": {},
            "scale": null,
            "properties": {
                "networkAcls": {
                    "bypass": "AzureServices",
                    "virtualNetworkRules": [],
                    "ipRules": [],
                    "defaultAction": "Allow"
                },
                "supportsHttpsTrafficOnly": false,
                "encryption": {
                    "services": {
                        "file": {
                            "enabled": true
                        },
                        "blob": {
                            "enabled": true
                        }
                    },
                    "keySource": "Microsoft.Storage"
                }
            },
            "dependsOn": []
        }
    ]
}